{
  "mu": [
    0.10798852443695069,
    0.10762704610824585,
    0.12787150144577025,
    0.07580718994140626,
    0.17188847064971924,
    0.1259087324142456,
    0.09047889709472656,
    0.09387880563735962,
    0.08022691011428833,
    0.14798868894577027,
    0.10475726127624511,
    0.1548660635948181,
    0.12956925630569457,
    0.12281827926635742,
    0.1096079707145691,
    0.13409793376922607,
    0.43589493036270144,
    0.08104369640350342,
    0.2243644118309021,
    0.1708173394203186,
    0.22255301475524902,
    0.10899119377136231,
    0.12894593477249144,
    0.44383264780044557,
    0.0975759506225586,
    0.014829754829406738,
    0.0019809246063232423,
    0.00622643232345581,
    0.36008774042129515,
    -0.09084477424621581,
    0.09845567941665649,
    0.08033844232559204,
    0.1286742091178894,
    0.028764283657073973,
    -0.01904275417327881,
    0.33907538652420044,
    -0.05729011297225952
  ],
  "sigma": [
    5.0,
    5.0,
    5.0,
    5.0,
    5.0,
    5.0,
    5.0,
    5.0,
    5.0,
    5.0,
    5.0,
    5.0,
    5.0,
    5.0,
    5.0,
    5.0,
    5.0,
    5.0,
    5.0,
    5.0,
    5.0,
    5.0,
    5.0,
    5.0,
    5.0,
    5.0,
    5.0,
    5.0,
    5.0,
    5.0,
    5.0,
    5.0,
    5.0,
    5.0,
    5.0,
    5.0,
    5.0
  ],
  "threshold": 0.3243618973090457
}