{
  "mu": [
    0.06395125389099121,
    0.08000946044921875,
    0.06802749633789062,
    0.05210709571838379,
    0.09592437744140625,
    0.12006258964538574,
    0.07235479354858398,
    0.08788776397705078,
    0.06906604766845703,
    0.08394980430603027,
    0.05204439163208008,
    0.1658647060394287,
    0.12716221809387207,
    0.09399056434631348,
    0.10203170776367188,
    0.13622379302978516,
    0.6261026859283447,
    0.14828062057495117,
    0.49965906143188477,
    0.15175557136535645,
    0.4711148738861084,
    0.37527990341186523,
    0.2058849334716797,
    0.8576681613922119,
    0.16079998016357422,
    0.030039310455322266,
    0.022022247314453125,
    0.06819629669189453,
    0.5739955902099609,
    0.05235624313354492,
    0.379596471786499,
    0.07940077781677246,
    0.3832271099090576,
    0.3062138557434082,
    0.12193512916564941,
    0.8056237697601318,
    -0.005064725875854492
  ],
  "sigma": [
    5.0,
    5.0,
    5.0,
    5.0,
    5.0,
    5.0,
    5.0,
    5.0,
    5.0,
    5.0,
    5.0,
    5.0,
    5.0,
    5.0,
    5.0,
    5.0,
    5.0,
    5.0,
    5.0,
    5.0,
    5.0,
    5.0,
    5.0,
    5.0,
    5.0,
    5.0,
    5.0,
    5.0,
    5.0,
    5.0,
    5.0,
    5.0,
    5.0,
    5.0,
    5.0,
    5.0,
    5.0
  ],
  "threshold": 30.0
}