{
  "mu": [
    0.10631829500198364,
    0.09721711874008179,
    0.11411710977554321,
    0.08212788105010986,
    0.13915915489196778,
    0.12873895168304444,
    0.08901777267456054,
    0.08434137105941772,
    0.06991181373596192,
    0.133230721950531,
    0.08650341033935546,
    0.11901673078536987,
    0.11344876289367675,
    0.11263614892959595,
    0.11109366416931152,
    0.10924900770187378,
    0.376910126209259,
    0.07318289279937744,
    0.2230001211166382,
    0.18110798597335814,
    0.20787795782089233,
    0.10635744333267212,
    0.12304438352584839,
    0.4105514645576477,
    0.09823051691055298,
    0.006317853927612305,
    0.013876545429229736,
    -0.004868102073669433,
    0.2947822451591492,
    -0.06597626209259033,
    0.09426116943359375,
    0.0920902132987976,
    0.12353658676147461,
    0.0364456295967102,
    -0.010186338424682617,
    0.32404805421829225,
    -0.020786213874816894
  ],
  "sigma": [
    5.0,
    5.0,
    5.0,
    5.0,
    5.0,
    5.0,
    5.0,
    5.0,
    5.0,
    5.0,
    5.0,
    5.0,
    5.0,
    5.0,
    5.0,
    5.0,
    5.0,
    5.0,
    5.0,
    5.0,
    5.0,
    5.0,
    5.0,
    5.0,
    5.0,
    5.0,
    5.0,
    5.0,
    5.0,
    5.0,
    5.0,
    5.0,
    5.0,
    5.0,
    5.0,
    5.0,
    5.0
  ],
  "threshold": 0.29578913514214866
}