{
  "mu": [
    0.0650939702987671,
    0.09133124351501465,
    0.05346498489379883,
    0.060035324096679686,
    0.08361809253692627,
    0.10377993583679199,
    0.07064135074615478,
    0.0781964659690857,
    0.08950595855712891,
    0.06022900342941284,
    0.058735990524291994,
    0.08648509979248047,
    0.09318333864212036,
    0.15059261322021483,
    0.2643348813056946,
    0.364509117603302,
    1.3028483867645264,
    0.1475206732749939,
    0.347154438495636,
    0.1574982762336731,
    0.2520928502082825,
    0.2012332558631897,
    0.2774511218070984,
    1.136201012134552,
    0.1896279573440552,
    0.08549864292144775,
    0.17300363779067993,
    0.31104413270950315,
    1.2428130626678466,
    0.06390258073806762,
    0.243374502658844,
    0.0868569254875183,
    0.1738963842391968,
    0.11172729730606079,
    0.21722211837768554,
    1.07746502161026,
    0.10314285755157471
  ],
  "sigma": [
    5.0,
    5.0,
    5.0,
    5.0,
    5.0,
    5.0,
    5.0,
    5.0,
    5.0,
    5.0,
    5.0,
    5.0,
    5.0,
    5.0,
    5.0,
    5.0,
    5.0,
    5.0,
    5.0,
    5.0,
    5.0,
    5.0,
    5.0,
    5.0,
    5.0,
    5.0,
    5.0,
    5.0,
    5.0,
    5.0,
    5.0,
    5.0,
    5.0,
    5.0,
    5.0,
    5.0,
    5.0
  ],
  "threshold": 0.44
}