{
  "mu": [
    0.009170198440551757,
    0.08479304313659668,
    0.08836967604500907,
    0.07429823194231305,
    0.0811415467943464,
    0.1289795330592564,
    0.09115625790187291,
    0.0873086793082101,
    0.08480049542018346,
    0.11468845094953264,
    0.08508401598249163,
    0.08568478993007116,
    0.10800952230181013,
    0.16237239156450545,
    0.13426149913242885,
    0.16295316559927805,
    0.6463725771222796,
    0.12543412617274693,
    0.24330928666251048,
    0.17625882966177805,
    0.23590784072875975,
    0.14035566193716867,
    0.1538791928972517,
    0.7493896348135812,
    0.11664645331246512,
    0.1532021931239537,
    0.04946845599583217,
    0.07458348955426897,
    0.5720743451799665,
    0.04429257937840053,
    0.11432975360325405,
    0.08510257175990514,
    0.14859916142054966,
    0.055555166516985215,
    0.03919074194771903,
    0.6643056188310895,
    0.030961663382393975
  ],
  "sigma": [
    5.0,
    5.0,
    5.0,
    5.0,
    5.0,
    5.0,
    5.0,
    5.0,
    5.0,
    5.0,
    5.0,
    5.0,
    5.0,
    5.0,
    5.0,
    5.0,
    5.0,
    5.0,
    5.0,
    5.0,
    5.0,
    5.0,
    5.0,
    5.0,
    5.0,
    5.0,
    5.0,
    5.0,
    5.0,
    5.0,
    5.0,
    5.0,
    5.0,
    5.0,
    5.0,
    5.0,
    5.0
  ],
  "threshold": 0.44
}