{
  "mu": [
    0.07861011999624747,
    0.08579281524375633,
    0.09787672537344473,
    0.0727449169865361,
    0.09980319164417407,
    0.1305338011847602,
    0.09466253386603461,
    0.0918558085406268,
    0.08846117832042553,
    0.1173216148659035,
    0.08548765712314182,
    0.0969248612721761,
    0.11005277986879702,
    0.14330276736506709,
    0.1216379448219582,
    0.15981923209296334,
    0.6292260399571171,
    0.13537090796011467,
    0.24282996742813676,
    0.17503280992861148,
    0.24561338954501682,
    0.13723509399979203,
    0.16537008462128816,
    0.7279488952071579,
    0.11528046042830856,
    0.06469264736881962,
    0.03584512957820186,
    0.06194250671951859,
    0.556481122970581,
    0.03556771631594057,
    0.11229616624337656,
    0.08037027606257686,
    0.15375758100439002,
    0.0487739156793665,
    0.048048469755384654,
    0.642461238084016,
    0.01835559915613245
  ],
  "sigma": [
    5.0,
    5.0,
    5.0,
    5.0,
    5.0,
    5.0,
    5.0,
    5.0,
    5.0,
    5.0,
    5.0,
    5.0,
    5.0,
    5.0,
    5.0,
    5.0,
    5.0,
    5.0,
    5.0,
    5.0,
    5.0,
    5.0,
    5.0,
    5.0,
    5.0,
    5.0,
    5.0,
    5.0,
    5.0,
    5.0,
    5.0,
    5.0,
    5.0,
    5.0,
    5.0,
    5.0,
    5.0
  ],
  "threshold": 0.6
}