{
  "mu": [
    0.0791539137180035,
    0.08710532922011155,
    0.09866567758413461,
    0.07325309973496658,
    0.10053126628582294,
    0.13085556947267973,
    0.09599760862497184,
    0.09269806971916786,
    0.08930647373199463,
    0.11997566773341252,
    0.0850454568862915,
    0.09880779339716984,
    0.11153637445889987,
    0.14510363798875076,
    0.12432911762824425,
    0.16076575792752779,
    0.6388047199982864,
    0.13624876279097337,
    0.2451727848786574,
    0.17600097106053278,
    0.24875917801490197,
    0.13757680012629583,
    0.1692518821129432,
    0.7287928141080416,
    0.11601542509519137,
    0.06594972427074726,
    0.0372237884081327,
    0.06210008034339318,
    0.5655516202633197,
    0.03571749650515043,
    0.1143172154059777,
    0.08000336243556096,
    0.1560611082957341,
    0.04827032639430119,
    0.04927621437953068,
    0.6437473572217501,
    0.017207631698021524
  ],
  "sigma": [
    5.0,
    5.0,
    5.0,
    5.0,
    5.0,
    5.0,
    5.0,
    5.0,
    5.0,
    5.0,
    5.0,
    5.0,
    5.0,
    5.0,
    5.0,
    5.0,
    5.0,
    5.0,
    5.0,
    5.0,
    5.0,
    5.0,
    5.0,
    5.0,
    5.0,
    5.0,
    5.0,
    5.0,
    5.0,
    5.0,
    5.0,
    5.0,
    5.0,
    5.0,
    5.0,
    5.0,
    5.0
  ],
  "threshold": 30.0
}