{
  "mu": [
    0.006086040945614085,
    0.08496265551623176,
    0.08742953749263987,
    0.07455232564140768,
    0.07809095522936653,
    0.12903121639700496,
    0.09148992510402904,
    0.08752014356500962,
    0.08486940580255845,
    0.11481376956490909,
    0.08429184380699606,
    0.08392289806814755,
    0.1074820125804228,
    0.16379418092615464,
    0.1356233708998736,
    0.16467818091897404,
    0.6512080571230721,
    0.1262970110949348,
    0.2448246198541978,
    0.17672963703379913,
    0.23715855093563304,
    0.14019500508027918,
    0.15545240570517146,
    0.7595016605713788,
    0.11683466855217428,
    0.15770813998054056,
    0.05066071538364186,
    0.07724864342633415,
    0.5766557314816643,
    0.048206055865568274,
    0.11579340345719281,
    0.08523971192977008,
    0.14963840737062342,
    0.05532559927772073,
    0.04063863614026238,
    0.6752098167643827,
    0.03291177048402674
  ],
  "sigma": [
    5.0,
    5.0,
    5.0,
    5.0,
    5.0,
    5.0,
    5.0,
    5.0,
    5.0,
    5.0,
    5.0,
    5.0,
    5.0,
    5.0,
    5.0,
    5.0,
    5.0,
    5.0,
    5.0,
    5.0,
    5.0,
    5.0,
    5.0,
    5.0,
    5.0,
    5.0,
    5.0,
    5.0,
    5.0,
    5.0,
    5.0,
    5.0,
    5.0,
    5.0,
    5.0,
    5.0,
    5.0
  ],
  "threshold": 0.6
}