{
  "mu": [
    0.09141240119934083,
    0.07431731224060059,
    0.13577537536621093,
    0.07605543136596679,
    0.07760767936706543,
    0.12205367088317871,
    0.06313958168029785,
    0.06140604019165039,
    0.07525463104248047,
    0.12651433944702148,
    0.07429413795471192,
    0.07158956527709961,
    0.0805734634399414,
    0.14554800987243652,
    0.13362832069396974,
    0.21481337547302246,
    1.2266482830047607,
    0.20604100227355956,
    0.39733052253723145,
    0.14902329444885254,
    0.21189727783203124,
    0.13624320030212403,
    0.15665388107299805,
    1.3511266231536865,
    0.2098332405090332,
    0.054135608673095706,
    0.05931100845336914,
    0.07903800010681153,
    1.150592851638794,
    0.12843332290649415,
    0.27527685165405275,
    0.08588371276855469,
    0.15049123764038086,
    0.060988569259643556,
    0.03013954162597656,
    1.2768324851989745,
    0.1382436752319336
  ],
  "sigma": [
    5.0,
    5.0,
    5.0,
    5.0,
    5.0,
    5.0,
    5.0,
    5.0,
    5.0,
    5.0,
    5.0,
    5.0,
    5.0,
    5.0,
    5.0,
    5.0,
    5.0,
    5.0,
    5.0,
    5.0,
    5.0,
    5.0,
    5.0,
    5.0,
    5.0,
    5.0,
    5.0,
    5.0,
    5.0,
    5.0,
    5.0,
    5.0,
    5.0,
    5.0,
    5.0,
    5.0,
    5.0
  ],
  "threshold": 0.44
}