{
  "mu": [
    0.07170324325561524,
    0.0679959774017334,
    0.12302951812744141,
    0.10763278007507324,
    0.07863664627075195,
    0.1109591007232666,
    0.06057858467102051,
    0.07477765083312989,
    0.08951339721679688,
    0.13754806518554688,
    0.10834059715270997,
    0.0771296501159668,
    0.09324965476989747,
    0.10156788825988769,
    0.14019532203674318,
    0.11064720153808594,
    1.0226891040802002,
    0.14917969703674316,
    0.26386561393737795,
    0.1363969326019287,
    0.1674346446990967,
    0.26584606170654296,
    0.10287275314331054,
    1.143900728225708,
    0.09691262245178223,
    0.02986464500427246,
    0.07219934463500977,
    -0.012382316589355468,
    0.9150563240051269,
    0.07054305076599121,
    0.15290651321411133,
    0.0758183479309082,
    0.09265699386596679,
    0.1763326644897461,
    -0.034675312042236325,
    1.035560131072998,
    0.01978297233581543
  ],
  "sigma": [
    5.0,
    5.0,
    5.0,
    5.0,
    5.0,
    5.0,
    5.0,
    5.0,
    5.0,
    5.0,
    5.0,
    5.0,
    5.0,
    5.0,
    5.0,
    5.0,
    5.0,
    5.0,
    5.0,
    5.0,
    5.0,
    5.0,
    5.0,
    5.0,
    5.0,
    5.0,
    5.0,
    5.0,
    5.0,
    5.0,
    5.0,
    5.0,
    5.0,
    5.0,
    5.0,
    5.0,
    5.0
  ],
  "threshold": 0.44
}