{
  "mu": [
    0.06595206260681152,
    0.0712805986404419,
    0.07172596454620361,
    0.07043832540512085,
    0.060047447681427,
    0.0736967921257019,
    0.05174398422241211,
    0.06044703722000122,
    0.0680762529373169,
    0.07207643985748291,
    0.07217317819595337,
    0.06736254692077637,
    0.07405787706375122,
    0.2724398970603943,
    0.3198828101158142,
    0.5783722996711731,
    1.8610636591911316,
    0.23334074020385742,
    0.406344473361969,
    0.15380030870437622,
    0.3626594543457031,
    0.40187108516693115,
    0.901344358921051,
    1.466368019580841,
    1.295763075351715,
    0.20648783445358276,
    0.24860221147537231,
    0.5066463351249695,
    1.7906253337860107,
    0.17329329252243042,
    0.3326476812362671,
    0.10205632448196411,
    0.3022124171257019,
    0.33379483222961426,
    0.8292679190635681,
    1.3941948413848877,
    1.2284005284309387
  ],
  "sigma": [
    5.0,
    5.0,
    5.0,
    5.0,
    5.0,
    5.0,
    5.0,
    5.0,
    5.0,
    5.0,
    5.0,
    5.0,
    5.0,
    5.0,
    5.0,
    5.0,
    5.0,
    5.0,
    5.0,
    5.0,
    5.0,
    5.0,
    5.0,
    5.0,
    5.0,
    5.0,
    5.0,
    5.0,
    5.0,
    5.0,
    5.0,
    5.0,
    5.0,
    5.0,
    5.0,
    5.0,
    5.0
  ],
  "threshold": 0.6
}