{
  "mu": [
    0.06207749843597412,
    0.07050442695617676,
    0.06490249633789062,
    0.06348226070404053,
    0.06912097930908204,
    0.07073729038238526,
    0.06432709693908692,
    0.06147975921630859,
    0.0879629135131836,
    0.06711854934692382,
    0.0665510654449463,
    0.07553789615631104,
    0.07243010997772217,
    0.2697214365005493,
    0.39232616424560546,
    0.41690688133239745,
    1.2613914966583253,
    0.2628490924835205,
    0.3672581672668457,
    0.15676515102386473,
    0.2229004144668579,
    0.3775674343109131,
    0.46732592582702637,
    1.3365502834320069,
    0.3601120948791504,
    0.2076439380645752,
    0.3218217372894287,
    0.3520043849945068,
    1.1979092359542847,
    0.19372811317443847,
    0.29652087688446044,
    0.09243805408477783,
    0.16142065525054933,
    0.28960452079772947,
    0.4002073764801025,
    1.2699992179870605,
    0.28457419872283934
  ],
  "sigma": [
    5.0,
    5.0,
    5.0,
    5.0,
    5.0,
    5.0,
    5.0,
    5.0,
    5.0,
    5.0,
    5.0,
    5.0,
    5.0,
    5.0,
    5.0,
    5.0,
    5.0,
    5.0,
    5.0,
    5.0,
    5.0,
    5.0,
    5.0,
    5.0,
    5.0,
    5.0,
    5.0,
    5.0,
    5.0,
    5.0,
    5.0,
    5.0,
    5.0,
    5.0,
    5.0,
    5.0,
    5.0
  ],
  "threshold": 0.44
}