{
  "mu": [
    0.11371371746063233,
    0.09753854274749756,
    0.14574670791625977,
    0.12278461456298828,
    0.08403875827789306,
    0.07894413471221924,
    0.07387416362762451,
    0.07923557758331298,
    0.07289950847625733,
    0.16227636337280274,
    0.11399636268615723,
    0.1248394250869751,
    0.11863472461700439,
    0.09278316497802734,
    0.1174165964126587,
    0.08014638423919677,
    0.9265565872192383,
    0.23636221885681152,
    0.27030243873596194,
    0.14101629257202147,
    0.18789434432983398,
    0.0811845064163208,
    0.09894461631774902,
    0.9969019651412964,
    0.07344267368316651,
    -0.020930552482604982,
    0.019878053665161134,
    -0.06560032367706299,
    0.80377197265625,
    0.15232346057891846,
    0.19135830402374268,
    0.06714212894439697,
    0.108658766746521,
    0.008284997940063477,
    -0.0633317470550537,
    0.8829056024551392,
    -0.051396751403808595
  ],
  "sigma": [
    5.0,
    5.0,
    5.0,
    5.0,
    5.0,
    5.0,
    5.0,
    5.0,
    5.0,
    5.0,
    5.0,
    5.0,
    5.0,
    5.0,
    5.0,
    5.0,
    5.0,
    5.0,
    5.0,
    5.0,
    5.0,
    5.0,
    5.0,
    5.0,
    5.0,
    5.0,
    5.0,
    5.0,
    5.0,
    5.0,
    5.0,
    5.0,
    5.0,
    5.0,
    5.0,
    5.0,
    5.0
  ],
  "threshold": 0.5830328385781363
}