{
  "mu": [
    0.11796224117279053,
    0.07783281803131104,
    0.09563243389129639,
    0.08453381061553955,
    0.06924766302108765,
    0.069111168384552,
    0.06249266862869263,
    0.07029211521148682,
    0.07532680034637451,
    0.10534518957138062,
    0.08157312870025635,
    0.07077014446258545,
    0.09875398874282837,
    0.17904144525527954,
    0.5085943341255188,
    0.22792774438858032,
    1.815845787525177,
    0.2217370867729187,
    0.35249239206314087,
    0.1498928666114807,
    0.5298545956611633,
    0.3393262028694153,
    0.239934504032135,
    1.5847435593605042,
    0.27040213346481323,
    0.061079204082489014,
    0.43076151609420776,
    0.13229531049728394,
    1.7313119769096375,
    0.15248942375183105,
    0.28338122367858887,
    0.08740019798278809,
    0.4595624804496765,
    0.26399940252304077,
    0.1345893144607544,
    1.5031704306602478,
    0.19963198900222778
  ],
  "sigma": [
    5.0,
    5.0,
    5.0,
    5.0,
    5.0,
    5.0,
    5.0,
    5.0,
    5.0,
    5.0,
    5.0,
    5.0,
    5.0,
    5.0,
    5.0,
    5.0,
    5.0,
    5.0,
    5.0,
    5.0,
    5.0,
    5.0,
    5.0,
    5.0,
    5.0,
    5.0,
    5.0,
    5.0,
    5.0,
    5.0,
    5.0,
    5.0,
    5.0,
    5.0,
    5.0,
    5.0,
    5.0
  ],
  "threshold": 0.44
}