{
  "mu": [
    0.10675288330424916,
    0.11831134015863592,
    0.1245781508359042,
    0.10390679402784868,
    0.1302525130185214,
    0.12270200252532959,
    0.09154615618965843,
    0.09081760319796475,
    0.1055889671499079,
    0.10762895237315785,
    0.09142137657512318,
    0.11496691270308061,
    0.11188427968458696,
    0.19855483011765915,
    0.23920620571483264,
    0.25236732309514825,
    1.2194020748138428,
    0.2399576252157038,
    0.35139691829681396,
    0.22053207050670276,
    0.23790660771456631,
    0.2102483402598988,
    0.2997411706230857,
    0.8419852473519065,
    0.24606650525873358,
    0.09180194681340997,
    0.12089486555619673,
    0.12778917225924405,
    1.1154952807859941,
    0.10970511219718239,
    0.22869491577148438,
    0.12898591431704434,
    0.14708900451660156,
    0.1046593731099909,
    0.19211221824992786,
    0.7505638707767833,
    0.13109959255565296
  ],
  "sigma": [
    5.0,
    5.0,
    5.0,
    5.0,
    5.0,
    5.0,
    5.0,
    5.0,
    5.0,
    5.0,
    5.0,
    5.0,
    5.0,
    5.0,
    5.0,
    5.0,
    5.0,
    5.0,
    5.0,
    5.0,
    5.0,
    5.0,
    5.0,
    5.0,
    5.0,
    5.0,
    5.0,
    5.0,
    5.0,
    5.0,
    5.0,
    5.0,
    5.0,
    5.0,
    5.0,
    5.0,
    5.0
  ],
  "threshold": 0.6
}