{
  "mu": [
    0.10767458832782248,
    0.11507787911788277,
    0.12400222861248514,
    0.1028716045877208,
    0.12808652546094812,
    0.11975918645444124,
    0.09031448156937309,
    0.08964519915373428,
    0.10307023836218793,
    0.10708478222722592,
    0.09092601485874342,
    0.11487292206805685,
    0.11044549942016602,
    0.20600688975790274,
    0.25797544354977814,
    0.25250274202098016,
    1.2234500802081565,
    0.23687039250912872,
    0.35111533040585724,
    0.2171944120655889,
    0.3212867301443349,
    0.2245075806327488,
    0.30552282540694525,
    0.8634836466416068,
    0.24864415500475012,
    0.09833230143008025,
    0.14289756443189539,
    0.12850051340849503,
    1.1205784756204356,
    0.10878386704818062,
    0.23135614395141602,
    0.12687993049621582,
    0.23164153099060059,
    0.12143734227056088,
    0.19843804317971933,
    0.7725576317828634,
    0.13377123293669327
  ],
  "sigma": [
    5.0,
    5.0,
    5.0,
    5.0,
    5.0,
    5.0,
    5.0,
    5.0,
    5.0,
    5.0,
    5.0,
    5.0,
    5.0,
    5.0,
    5.0,
    5.0,
    5.0,
    5.0,
    5.0,
    5.0,
    5.0,
    5.0,
    5.0,
    5.0,
    5.0,
    5.0,
    5.0,
    5.0,
    5.0,
    5.0,
    5.0,
    5.0,
    5.0,
    5.0,
    5.0,
    5.0,
    5.0
  ],
  "threshold": 0.44
}