{
  "mu": [
    0.11032810577979454,
    0.14693513283362755,
    0.11181721320519081,
    0.10091783450200008,
    0.170592894920936,
    0.15162579829876238,
    0.09820974790132962,
    0.09697318077087402,
    0.12383787448589618,
    0.12220721978407639,
    0.12092636181758,
    0.1770297380594107,
    0.16055569281944862,
    0.1715872471149151,
    0.30005544882554275,
    0.2597325948568491,
    0.9066232717954196,
    0.2138832165644719,
    0.6288860027606671,
    0.21312091900752142,
    0.34465784292954665,
    0.219573791210468,
    0.30647048583397496,
    1.195860037436852,
    0.1493264895219069,
    0.061259141335120566,
    0.1531203159919152,
    0.14791538165165827,
    0.8057054372934195,
    0.043290321643535905,
    0.47726020446190465,
    0.11491117110619178,
    0.24768466215867263,
    0.09573591672457181,
    0.1842632660498986,
    1.074933675619272,
    -0.027703248537503757
  ],
  "sigma": [
    5.0,
    5.0,
    5.0,
    5.0,
    5.0,
    5.0,
    5.0,
    5.0,
    5.0,
    5.0,
    5.0,
    5.0,
    5.0,
    5.0,
    5.0,
    5.0,
    5.0,
    5.0,
    5.0,
    5.0,
    5.0,
    5.0,
    5.0,
    5.0,
    5.0,
    5.0,
    5.0,
    5.0,
    5.0,
    5.0,
    5.0,
    5.0,
    5.0,
    5.0,
    5.0,
    5.0,
    5.0
  ],
  "threshold": 0.44
}