{
  "mu": [
    0.09035739444551014,
    0.07036462284269787,
    0.08364016669137138,
    0.07644006184169225,
    0.0756472178867885,
    0.09366387412661598,
    0.0647537594749814,
    0.06991062845502581,
    0.07497368540082659,
    0.09496661594935826,
    0.08188917523338682,
    0.06678299676804315,
    0.07430521647135417,
    0.20248005503699892,
    0.21858301616850354,
    0.2023255597977411,
    0.79554625919887,
    0.3440532570793515,
    0.36952594348362516,
    0.1544266314733596,
    0.2629461629050119,
    0.18914083072117396,
    0.18486125128609793,
    0.7603252728780111,
    0.214859406153361,
    0.11212266059148879,
    0.14821839332580566,
    0.11868539310636975,
    0.7191061973571777,
    0.268406039192563,
    0.2758620693570092,
    0.08967287199837821,
    0.19303553444998606,
    0.11416714532034737,
    0.08989463533673968,
    0.6784360976446242,
    0.14807640938531785
  ],
  "sigma": [
    5.0,
    5.0,
    5.0,
    5.0,
    5.0,
    5.0,
    5.0,
    5.0,
    5.0,
    5.0,
    5.0,
    5.0,
    5.0,
    5.0,
    5.0,
    5.0,
    5.0,
    5.0,
    5.0,
    5.0,
    5.0,
    5.0,
    5.0,
    5.0,
    5.0,
    5.0,
    5.0,
    5.0,
    5.0,
    5.0,
    5.0,
    5.0,
    5.0,
    5.0,
    5.0,
    5.0,
    5.0
  ],
  "threshold": 0.44
}